,signal0
0,935
1,934
2,933
3,934
4,935
5,933
6,935
7,939
8,943
9,944
10,948
11,953
12,954
13,955
14,953
15,952
16,950
17,946
18,943
19,941
20,940
21,935
22,937
23,936
24,931
25,929
26,923
27,921
28,917
29,914
30,913
31,909
32,907
33,909
34,910
35,910
36,909
37,910
38,908
39,907
40,904
41,904
42,903
43,904
44,908
45,908
46,909
47,910
48,912
49,911
50,910
51,913
52,911
53,912
54,912
55,915
56,916
57,919
58,922
59,925
60,922
61,924
62,922
63,919
64,921
65,920
66,921
67,922
68,925
69,927
70,929
71,929
72,930
73,930
74,927
75,927
76,924
77,922
78,922
79,925
80,926
81,924
82,927
83,927
84,925
85,923
86,921
87,918
88,915
89,914
90,915
91,916
92,918
93,915
94,916
95,918
96,917
97,915
98,913
99,912
100,909
101,908
102,907
103,905
104,907
105,907
106,907
107,908
108,906
109,906
110,902
111,903
112,902
113,899
114,903
115,899
116,900
117,899
118,900
119,903
120,901
121,902
122,903
123,899
124,899
125,898
126,898
127,894
128,896
129,898
130,899
131,899
132,898
133,901
134,899
135,898
136,896
137,895
138,896
139,898
140,900
141,897
142,898
143,899
144,901
145,899
146,897
147,898
148,896
149,894
150,894
151,895
152,895
153,898
154,899
155,901
156,901
157,899
158,896
159,895
160,892
161,892
162,893
163,894
164,897
165,895
166,899
167,899
168,898
169,896
170,896
171,895
172,891
173,892
174,894
175,893
176,896
177,894
178,899
179,901
180,899
181,899
182,896
183,896
184,894
185,894
186,894
187,894
188,897
189,899
190,901
191,901
192,901
193,901
194,900
195,899
196,898
197,898
198,899
199,898
200,899
201,896
202,900
203,904
204,905
205,903
206,900
207,899
208,899
209,900
210,901
211,904
212,910
213,916
214,918
215,920
216,919
217,918
218,916
219,914
220,911
221,908
222,903
223,904
224,907
225,908
226,911
227,913
228,913
229,910
230,910
231,909
232,904
233,901
234,897
235,897
236,897
237,901
238,902
239,905
240,907
241,910
242,910
243,913
244,919
245,927
246,946
247,974
248,1019
249,1077
250,1152
251,1231
252,1295
253,1330
254,1331
255,1284
256,1175
257,1047
258,919
259,791
260,663
261,680
262,739
263,806
264,853
265,880
266,886
267,884
268,879
269,877
270,881
271,885
272,890
273,893
274,894
275,893
276,890
277,889
278,890
279,887
280,886
281,887
282,888
283,887
284,889
285,893
286,894
287,897
288,898
289,900
290,899
291,899
292,897
293,897
294,898
295,898
296,899
297,903
298,908
299,909
300,908
301,910
302,909
303,908
304,911
305,911
306,909
307,911
308,912
309,916
310,914
311,919
312,920
313,920
314,919
315,918
316,917
317,917
318,919
319,921
320,923
321,923
322,926
323,929
324,931
325,932
326,932
327,931
328,931
329,931
330,931
331,933
332,936
333,938
334,939
335,940
336,938
337,938
338,941
339,941
340,936
341,936
342,935
343,935
344,936
345,939
346,940
347,940
348,940
349,939
350,939
351,936
352,936
353,938
354,939
355,941
356,945
357,947
358,950
359,953
360,956
361,955
362,954
363,957
364,953
365,949
366,946
367,942
368,942
369,942
370,943
371,943
372,940
373,936
374,934
375,929
376,925
377,920
378,916
379,915
380,915
381,914
382,911
383,912
384,911
385,909
386,909
387,908
388,906
389,905
390,903
391,906
392,907
393,908
394,908
395,910
396,910
397,911
398,911
399,909
400,908
401,908
402,908
403,910
404,911
405,914
406,916
407,917
408,919
409,917
410,918
411,919
412,920
413,920
414,918
415,918
416,919
417,923
418,923
419,925
420,927
421,928
422,927
423,924
424,924
425,921
426,922
427,922
428,923
429,924
430,924
431,924
432,924
433,923
434,923
435,920
436,919
437,917
438,916
439,916
440,917
441,917
442,916
443,916
444,914
445,914
446,909
447,911
448,910
449,905
450,904
451,903
452,906
453,907
454,910
455,911
456,910
457,907
458,907
459,903
460,902
461,901
462,902
463,902
464,902
465,903
466,904
467,905
468,903
469,902
470,901
471,900
472,900
473,899
474,897
475,899
476,897
477,898
478,901
479,900
480,902
481,901
482,900
483,896
484,897
485,896
486,897
487,897
488,899
489,902
490,901
491,904
492,902
493,902
494,902
495,899
496,899
497,897
498,894
499,894
500,898
501,896
502,900
503,900
504,899
505,898
506,899
507,898
508,897
509,894
510,895
511,894
512,896
513,898
514,899
515,900
516,899
517,899
518,896
519,893
520,895
521,895
522,897
523,895
524,898
525,896
526,900
527,899
528,902
529,900
530,899
531,897
532,900
533,897
534,897
535,897
536,896
537,899
538,900
539,903
540,903
541,900
542,902
543,901
544,900
545,899
546,900
547,899
548,901
549,900
550,903
551,904
552,903
553,902
554,903
555,903
556,901
557,900
558,899
559,900
560,903
561,903
562,905
563,906
564,906
565,906
566,905
567,902
568,902
569,900
570,899
571,901
572,901
573,901
574,907
575,913
576,914
577,919
578,915
579,915
580,914
581,914
582,915
583,915
584,916
585,914
586,910
587,911
588,911
589,911
590,912
591,911
592,910
593,908
594,910
595,909
596,908
597,906
598,904
599,903
600,902
601,903
602,902
603,902
604,902
605,902
606,905
607,906
608,911
609,917
610,927
611,943
612,968
613,1010
614,1070
615,1149
616,1231
617,1301
618,1339
619,1346
620,1304
621,1207
622,1079
623,951
624,823
625,695
626,699
627,745
628,807
629,852
630,879
631,887
632,882
633,879
634,881
635,884
636,889
637,894
638,894
639,891
640,890
641,886
642,886
643,885
644,886
645,886
646,890
647,892
648,892
649,892
650,893
651,893
652,893
653,892
654,892
655,893
656,897
657,899
658,899
659,902
660,903
661,905
662,902
663,902
664,903
665,901
666,903
667,905
668,907
669,910
670,913
671,915
672,914
673,914
674,913
675,914
676,913
677,913
678,915
679,915
680,917
681,919
682,919
683,922
684,922
685,923
686,923
687,926
688,924
689,926
690,925
691,928
692,928
693,934
694,933
695,938
696,937
697,937
698,936
699,938
700,935
701,935
702,938
703,938
704,939
705,941
706,939
707,939
708,939
709,939
710,942
711,941
712,943
713,942
714,943
715,941
716,944
717,943
718,946
719,947
720,946
721,948
722,948
723,951
724,948
725,949
726,951
727,957
728,960
729,964
730,966
731,972
732,971
733,970
734,968
735,964
736,963
737,960
738,957
739,956
740,955
741,952
742,949
743,949
744,945
745,942
746,939
747,935
748,933
749,930
750,928
751,924
752,923
753,921
754,921
755,921
756,920
757,918
758,918
759,914
760,911
761,908
762,908
763,907
764,910
765,914
766,913
767,917
768,917
769,916
770,916
771,914
772,915
773,914
774,917
775,916
776,918
777,919
778,919
779,921
780,920
781,922
782,924
783,924
784,923
785,923
786,924
787,923
788,928
789,928
790,930
791,932
792,932
793,932
794,933
795,931
796,929
797,929
798,927
799,928
800,928
801,932
802,930
803,932
804,930
805,930
806,926
807,926
808,922
809,924
810,923
811,923
812,926
813,926
814,926
815,926
816,924
817,923
818,924
819,923
820,921
821,923
822,920
823,920
824,920
825,919
826,920
827,922
828,921
829,919
830,918
831,916
832,915
833,910
834,909
835,911
836,910
837,914
838,914
839,916
840,915
841,914
842,913
843,910
844,908
845,907
846,907
847,909
848,908
849,911
850,910
851,911
852,911
853,911
854,912
855,910
856,908
857,906
858,905
859,905
860,909
861,908
862,912
863,913
864,914
865,912
866,912
867,908
868,909
869,907
870,907
871,908
872,907
873,908
874,908
875,911
876,914
877,909
878,911
879,909
880,910
881,910
882,909
883,908
884,910
885,911
886,913
887,915
888,915
889,914
890,912
891,912
892,909
893,907
894,908
895,908
896,910
897,913
898,913
899,913
900,914
901,913
902,913
903,910
904,911
905,911
906,910
907,907
908,910
909,913
910,913
911,916
912,918
913,916
914,914
915,914
916,913
917,910
918,912
919,914
920,913
921,913
922,915
923,915
924,917
925,915
926,915
927,913
928,911
929,913
930,913
931,912
932,913
933,916
934,915
935,917
936,916
937,915
938,914
939,915
940,914
941,914
942,913
943,915
944,918
945,919
946,923
947,924
948,927
949,931
950,934
951,933
952,933
953,933
954,933
955,932
956,929
957,929
958,927
959,928
960,929
961,929
962,930
963,927
964,927
965,925
966,923
967,922
968,922
969,919
970,919
971,919
972,918
973,918
974,920
975,920
976,923
977,924
978,928
979,934
980,943
981,959
982,983
983,1023
984,1076
985,1139
986,1213
987,1281
988,1332
989,1349
990,1333
991,1270
992,1147
993,1019
994,891
995,763
996,684
997,717
998,778
999,839
1000,876
1001,898
1002,902
1003,900
1004,898
1005,901
1006,903
1007,908
1008,911
1009,911
1010,911
1011,907
1012,905
1013,903
1014,902
1015,905
1016,907
1017,909
1018,911
1019,912
1020,914
1021,915
1022,912
1023,911
1024,914
1025,913
1026,914
1027,919
1028,920
1029,921
1030,921
1031,923
1032,923
1033,924
1034,925
1035,925
1036,924
1037,923
1038,923
1039,923
1040,925
1041,928
1042,932
1043,932
1044,935
1045,935
1046,936
1047,936
1048,933
1049,933
1050,932
1051,933
1052,936
1053,937
1054,938
1055,944
1056,946
1057,946
1058,944
1059,943
1060,943
1061,943
1062,946
1063,946
1064,948
1065,948
1066,952
1067,953
1068,955
1069,957
1070,953
1071,954
1072,951
1073,952
1074,949
1075,951
1076,951
1077,955
1078,955
1079,958
1080,957
1081,956
1082,955
1083,953
1084,950
1085,952
1086,950
1087,950
1088,949
1089,951
1090,953
1091,955
1092,956
1093,954
1094,956
1095,955
1096,957
1097,961
1098,961
1099,964
1100,967
1101,970
1102,972
1103,974
1104,973
1105,972
1106,969
1107,969
1108,968
1109,962
1110,961
1111,958
1112,956
1113,954
1114,953
1115,950
1116,947
1117,945
1118,941
1119,939
1120,936
1121,934
1122,931
1123,929
1124,928
1125,926
1126,924
1127,926
1128,926
1129,927
1130,928
1131,924
1132,924
1133,925
1134,924
1135,925
1136,926
1137,929
1138,932
1139,931
1140,932
1141,932
1142,933
1143,932
1144,932
1145,933
1146,934
1147,938
1148,939
1149,941
1150,943
1151,946
1152,946
1153,947
1154,946
1155,946
1156,946
1157,944
1158,945
1159,947
1160,946
1161,948
1162,949
1163,952
1164,951
1165,950
1166,945
1167,946
1168,945
1169,945
1170,943
1171,944
1172,946
1173,946
1174,944
1175,944
1176,943
1177,942
1178,940
1179,938
1180,938
1181,937
1182,936
1183,936
1184,935
1185,934
1186,935
1187,935
1188,933
1189,933
1190,930
1191,929
1192,926
1193,923
1194,924
1195,923
1196,927
1197,928
1198,930
1199,931
1200,931
1201,928
1202,927
1203,925
1204,919
1205,919
1206,917
1207,921
1208,919
1209,920
1210,920
1211,925
1212,925
1213,925
1214,923
1215,923
1216,919
1217,920
1218,916
1219,918
1220,917
1221,921
1222,919
1223,923
1224,922
1225,923
1226,924
1227,922
1228,919
1229,916
1230,918
1231,916
1232,917
1233,916
1234,918
1235,922
1236,921
1237,920
1238,922
1239,919
1240,918
1241,916
1242,914
1243,918
1244,916
1245,917
1246,919
1247,919
1248,921
1249,922
1250,919
1251,920
1252,920
1253,918
1254,916
1255,915
1256,917
1257,916
1258,916
1259,920
1260,922
1261,918
1262,922
1263,920
1264,918
1265,918
1266,915
1267,916
1268,919
1269,918
1270,918
1271,919
1272,919
1273,920
1274,917
1275,917
1276,916
1277,915
1278,916
1279,916
1280,917
1281,918
1282,917
1283,919
1284,919
1285,918
1286,918
1287,916
1288,916
1289,914
1290,912
1291,913
1292,915
1293,916
1294,919
1295,921
1296,921
1297,921
1298,920
1299,915
1300,916
1301,915
1302,912
1303,912
1304,915
1305,920
1306,925
1307,926
1308,930
1309,934
1310,935
1311,936
1312,936
1313,935
1314,936
1315,935
1316,935
1317,932
1318,933
1319,931
1320,931
1321,928
1322,929
1323,930
1324,929
1325,928
1326,929
1327,927
1328,928
1329,927
1330,923
1331,921
1332,922
1333,918
1334,918
1335,917
1336,918
1337,918
1338,920
1339,923
1340,927
1341,932
1342,940
1343,950
1344,969
1345,998
1346,1040
1347,1093
1348,1162
1349,1233
1350,1295
1351,1337
1352,1343
1353,1309
1354,1226
1355,1098
1356,970
1357,842
1358,714
1359,681
1360,725
1361,788
1362,844
1363,879
1364,896
1365,895
1366,894
1367,894
1368,899
1369,903
1370,907
1371,912
1372,910
1373,908
1374,907
1375,906
1376,904
1377,905
1378,905
1379,908
1380,910
1381,912
1382,912
1383,913
1384,910
1385,910
1386,911
1387,911
1388,916
1389,916
1390,919
1391,919
1392,921
1393,921
1394,919
1395,919
1396,920
1397,919
1398,921
1399,924
1400,925
1401,927
1402,927
1403,929
1404,930
1405,929
1406,930
1407,930
1408,932
1409,931
1410,931
1411,930
1412,929
1413,935
1414,936
1415,941
1416,941
1417,942
1418,941
1419,942
1420,944
1421,943
1422,942
1423,946
1424,947
1425,948
1426,949
1427,950
1428,953
1429,955
1430,955
1431,954
1432,953
1433,954
1434,950
1435,951
1436,953
1437,951
1438,952
1439,954
1440,953
1441,951
1442,950
1443,948
1444,946
1445,946
1446,947
1447,949
1448,950
1449,951
1450,953
1451,955
1452,954
1453,954
1454,959
1455,960
1456,962
1457,962
1458,963
1459,967
1460,967
1461,969
1462,970
1463,970
1464,967
1465,965
1466,963
1467,959
1468,956
1469,951
1470,949
1471,950
1472,947
1473,948
1474,946
1475,942
1476,936
1477,937
1478,934
1479,932
1480,928
1481,925
1482,925
1483,923
1484,923
1485,924
1486,924
1487,927
1488,928
1489,927
1490,926
1491,926
1492,924
1493,922
1494,923
1495,925
1496,926
1497,927
1498,928
1499,931
1500,932
1501,933
1502,932
1503,931
1504,931
1505,934
1506,932
1507,935
1508,934
1509,938
1510,942
1511,941
1512,939
1513,941
1514,944
1515,944
1516,944
1517,941
1518,941
1519,942
1520,942
1521,943
1522,946
1523,948
1524,949
1525,947
1526,944
1527,944
1528,943
1529,941
1530,942
1531,943
1532,941
1533,939
1534,938
1535,939
1536,939
1537,936
1538,938
1539,937
1540,935
1541,933
1542,931
1543,931
1544,931
1545,932
1546,930
1547,931
1548,933
1549,933
1550,930
1551,929
1552,927
1553,923
1554,923
1555,922
1556,922
1557,921
1558,922
1559,924
1560,926
1561,922
1562,923
1563,921
1564,920
1565,918
1566,917
1567,916
1568,912
1569,915
1570,916
1571,916
1572,917
1573,916
1574,918
1575,916
1576,917
1577,912
1578,909
1579,908
1580,908
1581,908
1582,911
1583,914
1584,915
1585,913
1586,909
1587,910
1588,911
1589,910
1590,909
1591,909
1592,910
1593,910
1594,912
1595,913
1596,913
1597,912
1598,914
1599,912
1600,909
1601,909
1602,907
1603,908
1604,908
1605,906
1606,910
1607,910
1608,913
1609,912
1610,912
1611,910
1612,911
1613,907
1614,907
1615,907
1616,906
1617,909
1618,911
1619,911
1620,911
1621,909
1622,908
1623,908
1624,906
1625,906
1626,904
1627,905
1628,906
1629,907
1630,908
1631,910
1632,909
1633,910
1634,909
1635,910
1636,909
1637,906
1638,905
1639,904
1640,906
1641,904
1642,906
1643,908
1644,910
1645,911
1646,910
1647,909
1648,906
1649,906
1650,905
1651,906
1652,905
1653,907
1654,907
1655,910
1656,911
1657,911
1658,912
1659,912
1660,909
1661,910
1662,910
1663,910
1664,909
1665,911
1666,911
1667,912
1668,916
1669,914
1670,914
1671,914
1672,909
1673,910
1674,910
1675,910
1676,908
1677,910
1678,914
1679,915
1680,916
1681,916
1682,918
1683,919
1684,920
1685,925
1686,924
1687,928
1688,929
1689,929
1690,930
1691,928
1692,928
1693,924
1694,922
1695,920
1696,920
1697,919
1698,919
1699,919
1700,920
1701,921
1702,920
1703,920
1704,920
1705,916
1706,914
1707,911
1708,911
1709,914
1710,914
1711,918
1712,923
1713,930
1714,941
1715,958
1716,989
1717,1037
1718,1101
1719,1180
1720,1258
1721,1314
1722,1338
1723,1318
1724,1240
1725,1112
1726,984
1727,856
1728,728
1729,713
1730,754
1731,809
1732,858
1733,886
1734,900
1735,902
1736,897
1737,895
1738,896
1739,903
1740,905
1741,904
1742,902
1743,902
1744,898
1745,895
1746,893
1747,894
1748,894
1749,897
1750,899
1751,901
1752,904
1753,904
1754,903
1755,901
1756,901
1757,901
1758,903
1759,904
1760,905
1761,906
1762,910
1763,911
1764,914
1765,914
1766,917
1767,915
1768,914
1769,913
1770,912
1771,915
1772,918
1773,920
1774,923
1775,926
1776,928
1777,928
1778,928
1779,927
1780,927
1781,926
1782,923
1783,927
1784,931
1785,931
1786,934
1787,937
1788,938
1789,937
1790,938
1791,936
1792,935
1793,935
1794,937
1795,937
1796,940
1797,942
1798,944
1799,945
1800,947
1801,950
1802,951
1803,949
1804,949
1805,949
1806,947
1807,948
1808,952
1809,951
1810,951
1811,955
1812,950
1813,952
1814,953
1815,953
1816,952
1817,951
1818,948
1819,949
1820,952
1821,952
1822,956
1823,959
1824,963
1825,965
1826,964
1827,969
1828,969
1829,969
1830,969
1831,970
1832,973
1833,974
1834,977
1835,977
1836,975
1837,971
1838,969
1839,969
1840,964
1841,960
1842,959
1843,955
1844,952
1845,950
1846,948
1847,947
1848,941
1849,939
1850,936
1851,934
1852,930
1853,927
1854,923
1855,921
1856,919
1857,922
1858,923
1859,923
1860,922
1861,925
1862,924
1863,921
1864,919
1865,920
1866,918
1867,917
1868,919
1869,919
1870,921
1871,924
1872,926
1873,927
1874,926
1875,927
1876,924
1877,924
1878,924
1879,927
1880,928
1881,929
1882,932
1883,932
1884,935
1885,936
1886,934
1887,935
1888,935
1889,933
1890,930
1891,931
1892,934
1893,932
1894,934
1895,937
1896,937
1897,935
1898,936
1899,934
1900,932
1901,931
1902,932
1903,933
1904,934
1905,934
1906,935
1907,935
1908,937
1909,934
1910,934
1911,931
1912,930
1913,928
1914,926
1915,927
1916,929
1917,925
1918,928
1919,926
1920,926
1921,927
1922,925
1923,924
1924,919
1925,918
1926,917
1927,915
1928,914
1929,917
1930,916
1931,918
1932,919
1933,916
1934,916
1935,918
1936,917
1937,915
1938,913
1939,913
1940,912
1941,913
1942,914
1943,911
1944,914
1945,915
1946,916
1947,914
1948,914
1949,910
1950,909
1951,910
1952,912
1953,910
1954,912
1955,913
1956,916
1957,914
1958,915
1959,911
1960,910
1961,909
1962,908
1963,909
1964,910
1965,909
1966,909
1967,910
1968,910
1969,909
1970,910
1971,909
1972,908
1973,908
1974,907
1975,907
1976,907
1977,907
1978,906
1979,906
1980,909
1981,909
1982,910
1983,909
1984,908
1985,907
1986,902
1987,906
1988,906
1989,909
1990,908
1991,910
1992,911
1993,909
1994,911
1995,906
1996,905
1997,905
1998,906
1999,904
2000,908
2001,907
2002,906
2003,910
2004,911
2005,910
2006,911
2007,909
2008,909
2009,906
2010,906
2011,905
2012,905
2013,907
2014,909
2015,911
2016,912
2017,910
2018,910
2019,909
2020,907
2021,905
2022,908
2023,905
2024,906
2025,909
2026,906
2027,908
2028,907
2029,909
2030,909
2031,911
2032,909
2033,909
2034,910
2035,907
2036,911
2037,909
2038,911
2039,912
2040,913
2041,915
2042,915
2043,914
2044,912
2045,912
2046,909
2047,911
2048,910
2049,912
2050,914
2051,917
2052,917
2053,919
2054,922
2055,923
2056,922
2057,925
2058,927
2059,929
2060,929
2061,931
2062,928
2063,929
2064,926
2065,923
2066,921
2067,918
2068,918
2069,918
2070,918
2071,917
2072,918
2073,920
2074,921
2075,922
2076,920
2077,918
2078,912
2079,911
2080,908
2081,910
2082,912
2083,915
2084,917
2085,919
2086,924
2087,930
2088,935
2089,944
2090,958
2091,988
2092,1023
2093,1076
2094,1140
2095,1213
2096,1275
2097,1322
2098,1342
2099,1333
2100,1283
2101,1188
2102,1060
2103,932
2104,804
2105,706
2106,705
2107,748
2108,806
2109,857
2110,884
2111,896
2112,895
2113,890
2114,885
2115,885
2116,891
2117,898
2118,898
2119,901
2120,901
2121,899
2122,897
2123,896
2124,894
2125,894
2126,896
2127,896
2128,897
2129,894
2130,895
2131,897
2132,897
2133,899
2134,899
2135,901
2136,903
2137,905
2138,906
2139,906
2140,906
2141,905
2142,903
2143,904
2144,905
2145,908
2146,910
2147,913
2148,915
2149,916
2150,913
2151,912
2152,914
2153,912
2154,913
2155,912
2156,916
2157,918
2158,920
2159,922
2160,924
2161,926
2162,927
2163,927
2164,926
2165,926
2166,927
2167,927
2168,928
2169,933
2170,933
2171,938
2172,940
2173,939
2174,942
2175,942
2176,940
2177,938
2178,941
2179,940
2180,940
2181,945
2182,947
2183,949
2184,950
2185,950
2186,951
2187,950
2188,951
2189,947
2190,947
2191,946
2192,947
2193,948
2194,948
2195,950
2196,951
2197,955
2198,954
2199,954
2200,953
2201,953
2202,951
2203,950
2204,950
2205,953
2206,953
2207,957
2208,962
2209,962
2210,965
2211,966
2212,968
2213,967
2214,967
2215,969
2216,971
2217,974
2218,973
2219,973
2220,973
2221,972
2222,966
2223,962
2224,957
2225,952
2226,948
2227,945
2228,945
2229,942
2230,943
2231,942
2232,943
2233,940
2234,934
2235,933
2236,932
2237,927
2238,923
2239,923
2240,923
2241,927
2242,928
2243,927
2244,929
2245,929
2246,926
2247,925
2248,922
2249,923
2250,921
2251,927
2252,927
2253,928
2254,931
2255,930
2256,932
2257,932
2258,932
2259,935
2260,935
2261,934
2262,933
2263,936
2264,937
2265,940
2266,941
2267,944
2268,945
2269,943
2270,943
2271,945
2272,942
2273,943
2274,944
2275,944
2276,945
2277,944
2278,944
2279,946
2280,945
2281,945
2282,945
2283,945
2284,943
2285,940
2286,940
2287,941
2288,938
2289,936
2290,936
2291,938
2292,938
2293,934
2294,937
2295,935
2296,931
2297,930
2298,929
2299,929
2300,929
2301,929
2302,929
2303,929
2304,930
2305,927
2306,928
2307,925
2308,925
2309,924
2310,924
2311,919
2312,921
2313,919
2314,920
2315,921
2316,921
2317,925
2318,923
2319,922
2320,922
2321,916
2322,916
2323,915
2324,917
2325,917
2326,917
2327,918
2328,918
2329,921
2330,921
2331,921
2332,920
2333,918
2334,917
2335,916
2336,915
2337,914
2338,916
2339,918
2340,919
2341,920
2342,920
2343,919
2344,918
2345,916
2346,914
2347,915
2348,914
2349,914
2350,914
2351,916
2352,919
2353,917
2354,916
2355,916
2356,916
2357,914
2358,914
2359,912
2360,912
2361,915
2362,913
2363,914
2364,917
2365,918
2366,919
2367,917
2368,914
2369,913
2370,911
2371,909
2372,908
2373,913
2374,914
2375,915
2376,916
2377,919
2378,918
2379,915
2380,915
2381,913
2382,913
2383,913
2384,912
2385,911
2386,912
2387,914
2388,914
2389,918
2390,917
2391,918
2392,916
2393,915
2394,914
2395,915
2396,913
2397,913
2398,914
2399,918
2400,918
2401,920
2402,920
2403,920
2404,918
2405,915
2406,915
2407,913
2408,911
2409,913
2410,916
2411,917
2412,921
2413,919
2414,919
2415,916
2416,916
2417,915
2418,915
2419,910
2420,912
2421,911
2422,913
2423,917
2424,918
2425,921
2426,919
2427,919
2428,917
2429,917
2430,920
2431,926
2432,928
2433,933
2434,935
2435,935
2436,938
2437,934
2438,937
2439,932
2440,927
2441,925
2442,922
2443,923
2444,923
2445,924
2446,927
2447,925
2448,925
2449,924
2450,924
2451,923
2452,916
2453,916
2454,916
2455,913
2456,916
2457,916
2458,921
2459,925
2460,931
2461,935
2462,943
2463,953
2464,968
2465,996
2466,1037
2467,1088
2468,1149
2469,1219
2470,1282
2471,1328
2472,1351
2473,1337
2474,1289
2475,1188
2476,1060
2477,932
2478,804
2479,681
2480,682
2481,735
2482,797
2483,849
2484,883
2485,898
2486,897
2487,892
2488,890
2489,892
2490,897
2491,903
2492,907
2493,908
2494,907
2495,908
2496,906
2497,905
2498,903
2499,901
2500,903
2501,904
2502,903
2503,905
2504,907
2505,909
2506,911
2507,910
2508,913
2509,913
2510,913
2511,913
2512,912
2513,915
2514,911
2515,915
2516,914
2517,915
2518,919
2519,919
2520,922
2521,922
2522,924
2523,922
2524,920
2525,918
2526,921
2527,923
2528,924
2529,927
2530,927
2531,931
2532,934
2533,931
2534,931
2535,929
2536,932
2537,932
2538,929
2539,931
2540,932
2541,934
2542,937
2543,942
2544,945
2545,947
2546,945
2547,946
2548,944
2549,944
2550,942
2551,943
2552,945
2553,946
2554,948
2555,949
2556,950
2557,950
2558,949
2559,950
2560,949
2561,947
2562,944
2563,942
2564,938
2565,941
2566,943
2567,941
2568,946
2569,946
2570,948
2571,946
2572,944
2573,943
2574,943
2575,944
2576,945
2577,948
2578,954
2579,957
2580,960
2581,963
2582,964
2583,962
2584,963
2585,960
2586,958
2587,951
2588,951
2589,952
2590,951
2591,950
2592,949
2593,947
2594,944
2595,943
2596,938
2597,933
2598,930
2599,928
2600,925
2601,923
2602,924
2603,924
2604,925
2605,926
2606,924
2607,924
2608,922
2609,921
2610,920
2611,918
2612,919
2613,920
2614,922
2615,923
2616,924
2617,925
2618,926
2619,927
2620,927
2621,928
2622,927
2623,926
2624,926
2625,928
2626,931
2627,935
2628,937
2629,937
2630,937
2631,938
2632,937
2633,936
2634,936
2635,935
2636,936
2637,938
2638,939
2639,942
2640,944
2641,945
2642,944
2643,946
2644,944
2645,942
2646,939
2647,939
2648,938
2649,939
2650,941
2651,941
2652,944
2653,944
2654,940
2655,938
2656,935
2657,933
2658,930
2659,931
2660,929
2661,933
2662,934
2663,932
2664,932
2665,930
2666,930
2667,927
2668,929
2669,927
2670,925
2671,925
2672,922
2673,923
2674,923
2675,924
2676,927
2677,926
2678,924
2679,923
2680,921
2681,919
2682,916
2683,917
2684,915
2685,918
2686,918
2687,918
2688,919
2689,919
2690,919
2691,920
2692,919
2693,917
2694,916
2695,915
2696,912
2697,915
2698,914
2699,914
2700,917
2701,916
2702,918
2703,918
2704,915
2705,914
2706,914
2707,912
2708,914
2709,915
2710,916
2711,917
2712,917
2713,917
2714,914
2715,915
2716,916
2717,915
2718,914
2719,912
2720,911
2721,910
2722,913
2723,914
2724,915
2725,917
2726,916
2727,915
2728,913
2729,912
2730,913
2731,911
2732,911
2733,912
2734,913
2735,912
2736,914
2737,914
2738,913
2739,915
2740,913
2741,911
2742,912
2743,911
2744,912
2745,914
2746,914
2747,915
2748,915
2749,918
2750,917
2751,916
2752,913
2753,911
2754,912
2755,913
2756,913
2757,915
2758,917
2759,918
2760,920
2761,920
2762,917
2763,917
2764,915
2765,913
2766,913
2767,912
2768,911
2769,915
2770,918
2771,917
2772,919
2773,917
2774,918
2775,917
2776,917
2777,917
2778,917
2779,917
2780,915
2781,917
2782,918
2783,921
2784,923
2785,921
2786,918
2787,919
2788,917
2789,917
2790,917
2791,920
2792,924
2793,928
2794,934
2795,938
2796,937
2797,936
2798,937
2799,936
2800,933
2801,929
2802,926
2803,924
2804,923
2805,922
2806,927
2807,929
2808,933
2809,934
2810,933
2811,928
2812,924
2813,920
2814,916
2815,913
2816,914
2817,915
2818,921
2819,923
2820,929
2821,931
2822,931
2823,935
2824,942
2825,950
2826,965
2827,990
2828,1026
2829,1075
2830,1136
2831,1201
2832,1266
2833,1315
2834,1338
2835,1328
2836,1279
2837,1182
2838,1054
2839,926
2840,798
2841,691
2842,690
2843,736
2844,801
2845,850
2846,880
2847,892
2848,893
2849,887
2850,882
2851,884
2852,893
2853,902
2854,908
2855,909
2856,911
2857,909
2858,908
2859,903
2860,902
2861,900
2862,899
2863,903
2864,906
2865,906
2866,907
2867,907
2868,912
2869,913
2870,913
2871,912
2872,913
2873,911
2874,911
2875,910
2876,912
2877,913
2878,915
2879,915
2880,921
2881,922
2882,921
2883,919
2884,923
2885,919
2886,920
2887,920
2888,923
2889,924
2890,924
2891,925
2892,927
2893,929
2894,930
2895,927
2896,930
2897,931
2898,930
2899,930
2900,932
2901,933
2902,933
2903,937
2904,938
2905,940
2906,941
2907,941
2908,940
2909,941
2910,941
2911,941
2912,941
2913,943
2914,945
2915,949
2916,949
2917,948
2918,948
2919,950
2920,945
2921,945
2922,945
2923,944
2924,945
2925,947
2926,949
2927,947
2928,947
2929,949
2930,946
2931,946
2932,945
2933,946
2934,943
2935,940
2936,940
2937,943
2938,944
2939,946
2940,948
2941,948
2942,952
2943,951
2944,952
2945,955
2946,953
2947,955
2948,956
2949,959
2950,964
2951,966
2952,967
2953,966
2954,963
2955,959
2956,956
2957,953
2958,950
2959,948
2960,944
2961,942
2962,940
2963,939
2964,938
2965,936
2966,933
2967,931
2968,926
2969,923
2970,922
2971,918
2972,918
2973,917
2974,918
2975,920
2976,922
2977,922
2978,920
2979,920
2980,919
2981,917
2982,918
2983,918
2984,917
2985,916
2986,916
2987,921
2988,923
2989,923
2990,922
2991,923
2992,925
2993,926
2994,923
2995,924
2996,922
2997,926
2998,928
2999,931
3000,934
3001,937
3002,937
3003,936
3004,936
3005,934
3006,935
3007,935
3008,935
3009,937
3010,939
3011,939
3012,941
3013,940
3014,940
3015,937
3016,937
3017,936
3018,936
3019,933
3020,935
3021,936
3022,936
3023,935
3024,938
3025,935
3026,935
3027,936
3028,933
3029,929
3030,928
3031,928
3032,926
3033,925
3034,927
3035,926
3036,930
3037,927
3038,926
3039,926
3040,922
3041,918
3042,918
3043,920
3044,918
3045,919
3046,921
3047,920
3048,922
3049,922
3050,919
3051,920
3052,919
3053,916
3054,915
3055,915
3056,914
3057,911
3058,912
3059,917
3060,918
3061,917
3062,916
3063,915
3064,915
3065,911
3066,910
3067,910
3068,911
3069,908
3070,912
3071,914
3072,914
3073,913
3074,911
3075,912
3076,910
3077,909
3078,911
3079,909
3080,910
3081,910
3082,912
3083,912
3084,915
3085,912
3086,911
3087,908
3088,907
3089,908
3090,909
3091,908
3092,908
3093,909
3094,910
3095,912
3096,912
3097,913
3098,913
3099,912
3100,908
3101,910
3102,910
3103,906
3104,903
3105,905
3106,909
3107,910
3108,911
3109,913
3110,910
3111,910
3112,908
3113,909
3114,906
3115,907
3116,905
3117,905
3118,908
3119,907
3120,909
3121,908
3122,907
3123,908
3124,908
3125,909
3126,910
3127,905
3128,905
3129,904
3130,908
3131,909
3132,912
3133,912
3134,913
3135,912
3136,912
3137,909
3138,908
3139,908
3140,906
3141,908
3142,907
3143,911
3144,911
3145,913
3146,913
3147,911
3148,911
3149,910
3150,909
3151,911
3152,910
3153,911
3154,912
3155,914
3156,913
3157,915
3158,915
3159,915
3160,914
3161,915
3162,914
3163,914
3164,916
3165,921
3166,925
3167,928
3168,931
3169,935
3170,932
3171,933
3172,931
3173,930
3174,929
3175,928
3176,926
3177,924
3178,923
3179,920
3180,923
3181,926
3182,924
3183,925
3184,922
3185,922
3186,919
3187,917
3188,912
3189,911
3190,913
3191,914
3192,919
3193,922
3194,923
3195,924
3196,923
3197,928
3198,933
3199,938
3200,954
3201,983
3202,1024
3203,1081
3204,1154
3205,1232
3206,1299
3207,1339
3208,1345
3209,1313
3210,1232
3211,1104
3212,976
3213,848
3214,724
3215,711
3216,750
3217,809
3218,856
3219,884
3220,897
3221,897
3222,893
3223,888
3224,890
3225,894
3226,902
3227,906
3228,909
3229,906
3230,904
3231,901
3232,900
3233,898
3234,896
3235,895
3236,895
3237,899
3238,900
3239,902
3240,902
3241,903
3242,904
3243,904
3244,906
3245,902
3246,902
3247,901
3248,903
3249,904
3250,907
3251,909
3252,914
3253,915
3254,915
3255,914
3256,915
3257,915
3258,914
3259,915
3260,916
3261,919
3262,922
3263,921
3264,927
3265,926
3266,927
3267,929
3268,927
3269,928
3270,928
3271,927
3272,930
3273,928
3274,931
3275,934
3276,934
3277,939
3278,939
3279,941
3280,938
3281,940
3282,939
3283,938
3284,941
3285,943
3286,947
3287,947
3288,948
3289,949
3290,951
3291,950
3292,951
3293,948
3294,949
3295,949
3296,949
3297,952
3298,953
3299,953
3300,954
3301,956
3302,955
3303,955
3304,955
3305,954
3306,953
3307,954
3308,957
3309,956
3310,959
3311,961
3312,965
3313,968
3314,968
3315,970
3316,971
3317,973
3318,974
3319,975
3320,975
3321,975
3322,974
3323,972
3324,972
3325,968
3326,968
3327,963
3328,960
3329,955
3330,950
3331,946
3332,944
3333,941
3334,939
3335,937
3336,935
3337,934
3338,931
3339,928
3340,925
3341,924
3342,920
3343,920
3344,918
3345,919
3346,920
3347,920
3348,921
3349,921
3350,920
3351,921
3352,920
3353,918
3354,916
3355,916
3356,918
3357,919
3358,922
3359,923
3360,928
3361,930
3362,926
3363,926
3364,924
3365,925
3366,925
3367,923
3368,926
3369,927
3370,930
3371,933
3372,934
3373,935
3374,935
3375,935
3376,932
3377,934
3378,934
3379,932
3380,933
3381,935
3382,936
3383,936
3384,937
3385,939
3386,938
3387,936
3388,936
3389,936
3390,935
3391,933
3392,934
3393,931
3394,934
3395,932
3396,935
3397,936
3398,933
3399,933
3400,930
3401,927
3402,924
3403,924
3404,925
3405,926
3406,925
3407,928
3408,927
3409,928
3410,924
3411,925
3412,924
3413,923
3414,922
3415,919
3416,918
3417,918
3418,918
3419,920
3420,922
3421,922
3422,921
3423,919
3424,919
3425,917
3426,916
3427,913
3428,914
3429,916
3430,912
3431,913
3432,915
3433,917
3434,914
3435,915
3436,915
3437,912
3438,913
3439,912
3440,913
3441,912
3442,912
3443,914
3444,914
3445,913
3446,914
3447,915
3448,913
3449,912
3450,910
3451,909
3452,908
3453,908
3454,911
3455,912
3456,911
3457,913
3458,912
3459,914
3460,912
3461,912
3462,912
3463,909
3464,910
3465,910
3466,912
3467,913
3468,913
3469,914
3470,914
3471,912
3472,910
3473,909
3474,905
3475,905
3476,905
3477,907
3478,911
3479,914
3480,915
3481,918
3482,915
3483,913
3484,913
3485,912
3486,910
3487,909
3488,910
3489,910
3490,912
3491,913
3492,915
3493,916
3494,916
3495,915
3496,911
3497,911
3498,909
3499,907
3500,906
3501,911
3502,911
3503,912
3504,914
3505,916
3506,913
3507,913
3508,913
3509,913
3510,911
3511,910
3512,912
3513,912
3514,913
3515,912
3516,914
3517,914
3518,914
3519,913
3520,913
3521,910
3522,911
3523,913
3524,916
3525,922
3526,923
3527,928
3528,933
3529,935
3530,934
3531,934
3532,933
3533,934
3534,930
3535,930
3536,929
3537,926
3538,922
3539,921
3540,920
3541,922
3542,923
3543,923
3544,923
3545,921
3546,917
3547,914
3548,909
3549,913
3550,913
3551,917
3552,919
3553,921
3554,923
3555,928
3556,935
3557,940
3558,959
3559,983
3560,1024
3561,1080
3562,1150
3563,1230
3564,1297
3565,1341
3566,1349
3567,1313
3568,1224
3569,1096
3570,968
3571,840
3572,716
3573,714
3574,759
3575,817
3576,867
3577,895
3578,900
3579,903
3580,898
3581,898
3582,896
3583,899
3584,902
3585,902
3586,903
3587,902
3588,902
3589,905
3590,904
3591,904
3592,903
3593,902
3594,901
3595,901
3596,903
3597,902
3598,905
3599,908
